id,first-name,last-name,phone,email
1,Eleanor,Vance,555-0101,eleanor@example.com
2,Marcus,Thorne,555-0102,marcus.t@example.com
3,Isla,Finch,555-0103,isla.finch@example.com
4,Jasper,Reed,555-0104,j.reed@example.com
5,Seraphina,Hayes,555-0105,seraphina.h@example.com
6,Liam,O'Connor,555-0106,liam.oconnor@example.com
7,Chloe,Dubois,555-0107,chloe.d@example.com
8,Benjamin,Carter,555-0108,ben.carter@example.com
9,Olivia,Chen,555-0109,olivia.chen@example.com
10,Noah,Rodriguez,555-0110,noah.r@example.com
11,Ava,Petrova,555-0111,ava.p@example.com
12,Ethan,Schmidt,555-0112,ethan.s@example.com
13,Mia,Kowalski,555-0113,mia.k@example.com
14,Lucas,Nakamura,555-0114,lucas.n@example.com
15,Sophia,Rossi,555-0115,sophia.rossi@example.com
16,Mason,Kim,555-0116,m.kim@example.com
17,Harper,Singh,555-0117,harper.singh@example.com
18,Logan,van der Berg,555-0118,logan.v@example.com
19,Evelyn,Al-Farsi,555-0119,evelyn.af@example.com
20,Alexander,Müller,555-0120,alex.muller@example.com
21,Amelia,Jensen,555-0121,amelia.j@example.com
22,Jacob,O'Sullivan,555-0122,jacob.os@example.com
23,Emily,Dubois,555-0123,emily.d@example.com
24,Michael,Ivanov,555-0124,michael.i@example.com
25,Abigail,Williams,555-0125,abby.w@example.com
26,Daniel,Garcia,555-0126,daniel.g@example.com
27,Madison,Martinez,555-0127,m.martinez@example.com
28,William,Johnson,555-0128,will.j@example.com
29,Charlotte,Brown,555-0129,charlotte.b@example.com
30,James,Smith,555-0130,james.smith@example.com
31,Aiden,Smith,555-0131,aiden.smith@example.com
32,Jackson,Johnson,555-0132,jackson.j@example.com
33,Sophia,Williams,555-0133,sophia.w@example.com
34,Liam,Brown,555-0134,liam.brown@example.com
35,Olivia,Jones,555-0135,olivia.jones@example.com
36,Noah,Garcia,555-0136,noah.g@example.com
37,Emma,Miller,555-0137,emma.miller@example.com
38,Lucas,Davis,555-0138,lucas.d@example.com
39,Ava,Rodriguez,555-0139,ava.r@example.com
40,Mason,Martinez,555-0140,mason.m@example.com
41,Isabella,Hernandez,555-0141,isabella.h@example.com
42,Ethan,Lopez,555-0142,ethan.lopez@example.com
43,Mia,Gonzalez,555-0143,mia.g@example.com
44,Logan,Wilson,555-0144,logan.wilson@example.com
45,Amelia,Anderson,555-0145,amelia.a@example.com
46,Jacob,Thomas,555-0146,jacob.t@example.com
47,Harper,Taylor,555-0147,harper.taylor@example.com
48,Elijah,Moore,555-0148,elijah.m@example.com
49,Evelyn,Jackson,555-0149,evelyn.j@example.com
50,Aiden,Martin,555-0150,aiden.martin@example.com
51,Abigail,Lee,555-0151,abigail.l@example.com
52,James,Perez,555-0152,james.perez@example.com
53,Emily,Thompson,555-0153,emily.t@example.com
54,Benjamin,White,555-0154,benjamin.w@example.com
55,Charlotte,Harris,555-0155,charlotte.h@example.com
56,Michael,Sanchez,555-0156,michael.s@example.com
57,Madison,Clark,555-0157,madison.c@example.com
58,Daniel,Ramirez,555-0158,daniel.ramirez@example.com
59,Elizabeth,Lewis,555-0159,elizabeth.l@example.com
60,Alexander,Robinson,555-0160,alex.robinson@example.com
61,Sofia,Walker,555-0161,sofia.w@example.com
62,Matthew,Young,555-0162,matthew.y@example.com
63,Avery,Allen,555-0163,avery.allen@example.com
64,David,King,555-0164,david.k@example.com
65,Ella,Wright,555-0165,ella.wright@example.com
66,Joseph,Scott,555-0166,joseph.s@example.com
67,Scarlett,Torres,555-0167,scarlett.t@example.com
68,Samuel,Nguyen,555-0168,samuel.n@example.com
69,Grace,Hill,555-0169,grace.hill@example.com
70,Henry,Flores,555-0170,henry.f@example.com
71,Chloe,Green,555-0171,chloe.g@example.com
72,William,Adams,555-0172,william.a@example.com
73,Victoria,Nelson,555-0173,victoria.n@example.com
74,John,Baker,555-0174,john.baker@example.com
75,Riley,Hall,555-0175,riley.h@example.com
76,Anthony,Rivera,555-0176,anthony.r@example.com
77,Zoe,Campbell,555-0177,zoe.campbell@example.com
78,Christopher,Mitchell,555-0178,chris.m@example.com
79,Lily,Carter,555-0179,lily.carter@example.com
80,Andrew,Roberts,555-0180,andrew.r@example.com
81,Hannah,Gomez,555-0181,hannah.g@example.com
82,Joshua,Phillips,555-0182,joshua.p@example.com
83,Nora,Evans,555-0183,nora.evans@example.com
84,Gabriel,Turner,555-0184,gabriel.t@example.com
85,Lillian,Diaz,555-0185,lillian.d@example.com
86,Ryan,Parker,555-0186,ryan.parker@example.com
87,Addison,Cruz,555-0187,addison.c@example.com
88,Isaac,Edwards,555-0188,isaac.e@example.com
89,Aubrey,Collins,555-0189,aubrey.collins@example.com
90,Caleb,Reyes,555-0190,caleb.r@example.com
91,Stella,Stewart,555-0191,stella.s@example.com
92,Luke,Morris,555-0192,luke.morris@example.com
93,Natalie,Morales,555-0193,natalie.m@example.com
94,Christian,Murphy,555-0194,christian.m@example.com
95,Zoey,Cook,555-0195,zoey.cook@example.com
96,Jonathan,Rogers,555-0196,jonathan.r@example.com
97,Leah,Gutierrez,555-0197,leah.g@example.com
98,Owen,Ortiz,555-0198,owen.ortiz@example.com
99,Hazel,Morgan,555-0199,hazel.m@example.com
100,Isaiah,Cooper,555-0200,isaiah.c@example.com
101,Violet,Peterson,555-0201,violet.p@example.com
102,Levi,Bailey,555-0202,levi.bailey@example.com
103,Aurora,Reed,555-0203,aurora.r@example.com
104,Hunter,Kelly,555-0204,hunter.k@example.com
105,Savannah,Howard,555-0205,savannah.h@example.com
106,Wyatt,Ramos,555-0206,wyatt.ramos@example.com
107,Audrey,Kim,555-0207,audrey.k@example.com
108,Jack,Cox,555-0208,jack.cox@example.com
109,Brooklyn,Ward,555-0209,brooklyn.w@example.com
110,Julian,Richardson,555-0210,julian.r@example.com
111,Claire,Watson,555-0211,claire.watson@example.com
112,Aaron,Brooks,555-0212,aaron.b@example.com
113,Bella,Chavez,555-0213,bella.chavez@example.com
114,Jayden,Wood,555-0214,jayden.w@example.com
115,Skylar,James,555-0215,skylar.j@example.com
116,Connor,Bennett,555-0216,connor.b@example.com
117,Lucy,Gray,555-0217,lucy.gray@example.com
118,Charles,Mendoza,555-0218,charles.m@example.com
119,Paisley,Ruiz,555-0219,paisley.r@example.com
120,Thomas,Hughes,555-0220,thomas.h@example.com
121,Anna,Price,555-0221,anna.price@example.com
122,Jeremiah,Alvarez,555-0222,jeremiah.a@example.com
123,Caroline,Castillo,555-0223,caroline.c@example.com
124,Jordan,Sanders,555-0224,jordan.s@example.com
125,Genesis,Patel,555-0225,genesis.p@example.com
126,Jose,Myers,555-0226,jose.myers@example.com
127,Kennedy,Long,555-0227,kennedy.l@example.com
128,Robert,Ross,555-0228,robert.r@example.com
129,Samantha,Foster,555-0229,samantha.f@example.com
130,Adam,Jimenez,555-0230,adam.jimenez@example.com
131,Allison,Powell,555-0231,allison.p@example.com
132,Xavier,Jenkins,555-0232,xavier.j@example.com
133,Maya,Perry,555-0233,maya.perry@example.com
134,Kevin,Russell,555-0234,kevin.r@example.com
135,Sarah,Sullivan,555-0235,sarah.s@example.com
136,Ian,Bell,555-0236,ian.bell@example.com
137,Madelyn,Barnes,555-0237,madelyn.b@example.com
138,Jason,Fisher,555-0238,jason.f@example.com
139,Aaliyah,Henderson,555-0239,aaliyah.h@example.com
140,Brandon,Coleman,555-0240,brandon.c@example.com
141,Katherine,Simmons,555-0241,katherine.s@example.com
142,Justin,Patterson,555-0242,justin.p@example.com
143,Julia,Jordan,555-0243,julia.jordan@example.com
144,Eric,Reynolds,555-0244,eric.r@example.com
145,Brianna,Hamilton,555-0245,brianna.h@example.com
146,Austin,Graham,555-0246,austin.graham@example.com
147,Ruby,Wallace,555-0247,ruby.w@example.com
148,Brian,Kim,555-0248,brian.kim@example.com
149,Eva,Woods,555-0249,eva.woods@example.com
150,Nicholas,Cole,555-0250,nicholas.c@example.com
151,Serenity,West,555-0251,serenity.w@example.com
152,Tyler,Gordon,555-0252,tyler.gordon@example.com
153,Autumn,Stone,555-0253,autumn.s@example.com
154,Dylan,Ray,555-0254,dylan.ray@example.com
155,Naomi,Warren,555-0255,naomi.w@example.com
156,Nathan,Burton,555-0256,nathan.burton@example.com
157,Penelope,Hunt,555-0257,penelope.h@example.com
158,Kyle,Murray,555-0258,kyle.murray@example.com
159,Alice,Freeman,555-0259,alice.f@example.com
160,Brayden,Wells,555-0260,brayden.w@example.com
161,Kaylee,Webb,555-0261,kaylee.webb@example.com
162,Walter,Simpson,555-0262,walter.s@example.com
163,Hailey,Stevens,555-0263,hailey.s@example.com
164,Steven,Tucker,555-0264,steven.tucker@example.com
165,Gianna,Porter,555-0265,gianna.p@example.com
166,Zachary,Hunter,555-0266,zachary.h@example.com
167,Quinn,Hicks,555-0267,quinn.hicks@example.com
168,Timothy,Crawford,555-0268,timothy.c@example.com
169,Eleanor,Henry,555-0269,eleanor.h@example.com
170,Carlos,Boyd,555-0270,carlos.boyd@example.com
171,Ariana,Mason,555-0271,ariana.m@example.com
172,Jesse,Morrison,555-0272,jesse.morrison@example.com
173,Gabriella,Kennedy,555-0273,gabriella.k@example.com
174,Stephen,Warren,555-0274,stephen.w@example.com
175,Sadie,Dunn,555-0275,sadie.dunn@example.com
176,Edward,Sutton,555-0276,edward.s@example.com
177,Nevaeh,Hansen,555-0277,nevaeh.h@example.com
178,Patrick,Mcdonald,555-0278,patrick.m@example.com
179,Piper,Day,555-0279,piper.day@example.com
180,Bryan,Pearson,555-0280,bryan.p@example.com
181,Maria,Holland,555-0281,maria.h@example.com
182,Bruce,Douglas,555-0282,bruce.douglas@example.com
183,Eliana,Fleming,555-0283,eliana.f@example.com
184,Frank,Jensen,555-0284,frank.jensen@example.com
185,Makayla,Vargas,555-0285,makayla.v@example.com
186,Raymond,Byrd,555-0286,raymond.byrd@example.com
187,Isabelle,Mccoy,555-0287,isabelle.m@example.com
188,George,Cunningham,555-0288,george.c@example.com
189,Melanie,Howard,555-0289,melanie.h@example.com
190,Albert,Stone,555-0290,albert.stone@example.com
191,Valentina,Payne,555-0291,valentina.p@example.com
192,Gerald,Jacobs,555-0292,gerald.j@example.com
193,Angelina,Austin,555-0293,angelina.a@example.com
194,Terry,Rhodes,555-0294,terry.rhodes@example.com
195,London,Hart,555-0295,london.h@example.com
196,Sean,Obrien,555-0296,sean.obrien@example.com
197,Adriana,Curtis,555-0297,adriana.c@example.com
198,Harold,Bates,555-0298,harold.bates@example.com
199,Gabrielle,Holt,555-0299,gabrielle.h@example.com
200,Dennis,Horton,555-0300,dennis.horton@example.com
